post_shortcode,commenter_username,comment_text,comment_likes
post_shortcode,commenter_username,comment_text,comment_likes
DIcRig7Mrwl,<Profile tylerwalter (33289698)>,This is the most JD Vance thing to happen to him in the last 12 hours,808
DIcRig7Mrwl,<Profile unapologeticallymemphis (11229430100)>,Administration doing the same,38
DIcRig7Mrwl,<Profile devosss (213085318)>,Pretty much sums up what him and his boss are doing to the global economy,549
DIcRig7Mrwl,<Profile luian_82 (1991457746)>,:face_with_tears_of_joy::face_with_tears_of_joy::face_with_tears_of_joy::face_with_tears_of_joy:,1
DIcRig7Mrwl,<Profile kerrianneinsta (6888509)>,Omg he’s like a cartoon character (not a cute one),38
DIcRig7Mrwl,<Profile rafasoyyo111 (7712188645)>,:face_with_tears_of_joy:,2
DIcRig7Mrwl,<Profile gyuj2697 (49843376960)>,Obama and Biden never dropped trophies :smirking_face:,432
DIcRig7Mrwl,<Profile rick_chillin (14274711)>,Vance Vancing,35
DIcRig7Mrwl,<Profile mrdjfisher (50663579)>,How the whole presidency was fumbled,352
DIcRig7Mrwl,<Profile katieruthpeterson (377733689)>,He cannot do anything well,178
DIcRig7Mrwl,<Profile rachelaboison (196944056)>,EMBARRASSING AF,84
DIcRig7Mrwl,<Profile mastropierronick (10444775398)>,JD what a useless tool :face_with_tears_of_joy:embarrassing,16
DIcRig7Mrwl,<Profile dianne1683 (7784811048)>,Eyeliner queen can't hold anything,71
DIcRig7Mrwl,<Profile petebode (295838000)>,omg,3
DIcRig7Mrwl,<Profile buddahlove (39529623)>,Very symbolic of this administration:face_with_tears_of_joy:,17
DIcRig7Mrwl,<Profile sta_frosty (224654326)>,O-H ... ohh no :pensive_face:,9
DIcRig7Mrwl,<Profile micah.mcdade (12157622)>,"With hands that slimy, of course he did.",11
DIcRig7Mrwl,<Profile winzywiz (30512628)>,Couldn’t have happened to a better guy! :thumbs_up:,6
DIcRig7Mrwl,<Profile be.cky6199 (33005245900)>,"Please, all sports teams stay away from the White House.",45
DIcRig7Mrwl,<Profile mskeribaybeee (1086803947)>,Just like he’s fumbling our country,8
DIcRig7Mrwl,<Profile tommymc70 (37019542545)>,Lol,3
DIcRig7Mrwl,<Profile island_life_postcards (9879243666)>,Incomplete,5
DIcRig7Mrwl,<Profile poke.uno_11 (451490971)>,He never had the makings of a varsity athlete :face_with_tears_of_joy:,17
DIcRig7Mrwl,<Profile upage12 (207780445)>,I hate those student athletes were subjected to the stench of evil in the White House. :face_with_raised_eyebrow::face_with_raised_eyebrow::face_with_raised_eyebrow:,50
DIcRig7Mrwl,<Profile iam_prince_emmanuel (2161217986)>,Is he not human? Can’t he drop something?,17
DIcRig7Mrwl,<Profile mikeribera (1151575)>,"In Brazil we call that ""lettuce hands"" :face_with_tears_of_joy::face_with_tears_of_joy::face_with_tears_of_joy::face_with_tears_of_joy:",55
DIcRig7Mrwl,<Profile renegade528 (7699791629)>,Probably was smashed :face_with_tears_of_joy:,5
DIcRig7Mrwl,<Profile christmas1._ (33191615113)>,This is the most JD Vance thing to happen to him in the last 12 hours,26
DIcRig7Mrwl,<Profile _heydennis_ (1652838418)>,What a peasant,6
DIcRig7Mrwl,<Profile pt93065 (1821384012)>,:face_with_tears_of_joy: Stop letting him touch things!,4
DIcRig7Mrwl,<Profile mrwbox (1506257033)>,"Fumbling us (USA)the same way, FACTS",5
DIcRig7Mrwl,<Profile tim107hhi (5342832522)>,He just wanted to continue his affair with his couch and got distracted!,7
DIcRig7Mrwl,<Profile pipodoh903 (73984152214)>,"I am not surprised, that's how he handles his administration :face_with_tears_of_joy:",2
DIcRig7Mrwl,<Profile nicolaguarna (217660149)>,Biggest embarrassment to this country,1
DIcRig7Mrwl,<Profile bryansplace (7289600409)>,:face_with_tears_of_joy::face_with_tears_of_joy:. He’s used to couches,23
DIcRig7Mrwl,<Profile variedades.y02 (16390217043)>,"Seven years of bad luck, but the bad luck started in January... everything he touches shatters.:raising_hands::raising_hands::raising_hands:",6
DIcRig7Mrwl,<Profile jeng52 (398163177)>,This administration literally destroys everything they touch,54
DIcRig7Mrwl,<Profile braydenjaselle (57689525644)>,Omg how did I miss this omg,0
DIcRig7Mrwl,<Profile annnnnnnnna985 (55592697607)>,bumpkin,1
DIcRig7Mrwl,<Profile magonza79 (71180546430)>,The president and vice president are not in the business holding trophies. They’re in the business of making democracy happen.,3
DIcRig7Mrwl,<Profile texbrad (21806548)>,Oh JD….,5
DIcRig7Mrwl,<Profile tylerwag777 (73328474548)>,Good one there :face_with_tears_of_joy:,9
DIcRig7Mrwl,<Profile chokevhonk (11878024246)>,Stop touching things and go find a couch :face_with_tears_of_joy::face_with_tears_of_joy:,8
DIcRig7Mrwl,<Profile rafasoyyo111 (7712188645)>,:face_with_tears_of_joy:,6
DIcRig7Mrwl,<Profile christoshriver (20869891)>,So much winning….butterfinges,5
DIcRig7Mrwl,<Profile rafasoyyo111 (7712188645)>,:face_with_tears_of_joy::face_with_tears_of_joy::face_with_tears_of_joy::face_with_tears_of_joy::face_with_tears_of_joy:,4
DIcRig7Mrwl,<Profile reg7031 (5876814966)>,:face_with_tears_of_joy::face_with_tears_of_joy::face_with_tears_of_joy::face_with_tears_of_joy:,6
DIcRig7Mrwl,<Profile awakenedresolve (18074653580)>,Looks like it wasn’t put together right. The top was just sitting in the base and no one gave him a clear warning.,4
DIcRig7Mrwl,<Profile raymond.neil.hernandez (1560132356)>,Right on brand!,3
DIcRig7Mrwl,<Profile bonniebruins (2251183021)>,He did NOT fumble it!!!! It came apart!!!!!!!!!!,3
DIcRig7Mrwl,<Profile dcg8792 (72920016012)>,Those Michigan fans are hoping he broke it :face_with_tears_of_joy:,3
DIcRig7Mrwl,<Profile amanda.panda86 (290388067)>,Oh well it happens,3
DIcRig7Mrwl,<Profile chef_yazzie (2404007510)>,Just how he dropped the so called U.S. Democracy :face_with_tears_of_joy:,132
DIcRig7Mrwl,<Profile fabian_is_relevant (44941533083)>,Lmfao metaphor for the state of our country right now.,64
DIcRig7Mrwl,<Profile book.ish.behavior (11603611145)>,We really do have the most inept people in office right now... :woozy_face:,51
DIcRig7Mrwl,<Profile jcbraganza84 (192010535)>,Has he even said thank you yet? :face_with_tears_of_joy:,3
DIcRig7Mrwl,<Profile cl1nt_traveller (8007618711)>,Typical for such a failure of a VP,2
DIcRig7Mrwl,<Profile mraplewis (239101262)>,Trump only hires the best :face_with_tears_of_joy::face_with_tears_of_joy::face_with_tears_of_joy:,4
DIcRig7Mrwl,<Profile not.of.need (64206185552)>,Yal blind?,1
DIcRig7Mrwl,<Profile angel_elle3 (17982789)>,:face_with_rolling_eyes:,1
DIcRig7Mrwl,<Profile issa_12 (209983915)>,SMH :woman_facepalming_medium_skin_tone:,1
DIcRig7Mrwl,<Profile yashmeen.s (1272539297)>,shouldve handed him a couch!,3
DIcRig7Mrwl,<Profile erikawithak585 (17248291)>,Meow :cat_face:,2
DIcRig7Mrwl,<Profile kenmarc1965 (784131422)>,Maybe it’s Maybelline,0
DIcRig7Mrwl,<Profile miamisicequeen (5757983921)>,That sht was intentional,1
DIcRig7Mrwl,<Profile blessed1204 (1455742856)>,Damn.,3
DIcRig7Mrwl,<Profile mercedes_counihan (52893150)>,There really are no words for him,53
DIcRig7Mrwl,<Profile michellgoodw (1571941493)>,Dufus!,7
DIcRig7Mrwl,<Profile michellgoodw (1571941493)>,:face_with_tears_of_joy::face_with_tears_of_joy::face_with_tears_of_joy::face_with_tears_of_joy::face_with_tears_of_joy::face_with_tears_of_joy:,9
DIcRig7Mrwl,<Profile adaugherty1986 (2208068436)>,:face_with_tears_of_joy::face_with_tears_of_joy::face_with_tears_of_joy::face_with_tears_of_joy::face_with_tears_of_joy:,4
DIcRig7Mrwl,<Profile davidlynnanderson (72662171759)>,You have some people  who are never able to get there act together.,4
DIcRig7Mrwl,<Profile selipscomb (2544734704)>,:face_with_tears_of_joy::grinning_face_with_sweat:,1
DIcRig7Mrwl,<Profile sun4308 (21041280)>,Right on par with the rest of the administration.,1
DIcRig7Mrwl,<Profile bravesmom66 (264094152)>,:face_with_tears_of_joy::face_with_tears_of_joy::face_with_tears_of_joy:,1
DIcRig7Mrwl,<Profile rogerjefferson8 (8148529407)>,I thought this was a skit:face_with_tears_of_joy::face_with_tears_of_joy::face_with_tears_of_joy:,1
DIcRig7Mrwl,<Profile i_rocckk_js (420634039)>,We not going #gobirds :face_with_tears_of_joy::face_with_tears_of_joy:,2
DIcRig7Mrwl,<Profile cakeandbacon61 (27533040767)>,"The same way they're "" fumbling "" the economy,  foreign relations ,  the stock market,  the immigrant situation, federal  jobs ,and federally funded departments.",3
DIcRig7Mrwl,<Profile sameolsonggg (69517473290)>,Dork,2
DIcRig7Mrwl,<Profile ceddwayne901 (33406142)>,"If he fumbled that trophy, we are doomed for the next 4yrs :man_facepalming_medium-dark_skin_tone:. He can't even handle a trophy, come on, what are we doing here?",1
DIcRig7Mrwl,<Profile odigz76 (1597431770)>,D@mmy,2
DIcRig7Mrwl,<Profile vince_fung (511891077)>,A heartbeat away :grinning_face_with_sweat:,1
DIcRig7Mrwl,<Profile richiemillz (383267973)>,Can’t get right.,1
DIcRig7Mrwl,<Profile dutchbluegemini (53207665881)>,The jokes write themselves sometimes,2
DIcRig7Mrwl,<Profile 404onemike (7770187)>,Putz,5
DIcRig7Mrwl,<Profile joshuadarko (33329265)>,Of course,3
DIcRig7Mrwl,<Profile rafasoyyo111 (7712188645)>,:face_with_tears_of_joy:,2
DIcRig7Mrwl,<Profile flowerchild1984 (365269759)>,Deport please,0
DIcRig7Mrwl,<Profile sachin__kishor (47802997720)>,:face_with_tears_of_joy::face_with_tears_of_joy::face_with_tears_of_joy:,1
DIcRig7Mrwl,<Profile flyjrb (12131102546)>,:face_with_tears_of_joy::clown_face:,3
DIcRig7Mrwl,<Profile joshuah85 (253481858)>,What a tool. Haha.,3
DIcRig7Mrwl,<Profile mikegadawg (22303228)>,Too much eyeliner. :eyes:,3
DIcRig7Mrwl,<Profile lax_fatson (11241357)>,"Oh too heavy , help :clown_face:",3
DIcRig7Mrwl,<Profile gibson.barker (9770846172)>,:face_with_tears_of_joy::face_with_tears_of_joy::face_with_tears_of_joy::face_with_tears_of_joy::face_with_tears_of_joy:,3
DIcRig7Mrwl,<Profile claytonfonseca84 (4116435010)>,:face_with_tears_of_joy:,3
DIcRig7Mrwl,<Profile soubelle23 (8358794004)>,I'm not surprised.  It should not have been in his hands.  Where was the Trumpster?,9
DIcRig7Mrwl,<Profile greg_with_2_gs (969348282)>,He was expecting a sofa cushion,5
DIcRig7Mrwl,<Profile thismamasworld11 (613812112)>,The eyeliner obstructed his view.,5
DIcRig7Mrwl,<Profile 0westeyes0 (7617218602)>,Low energy vp,20
DIcRig7Mrwl,<Profile aaronhew (10031928)>,He always looked like a spazz,7
DIcRig7Mrwl,<Profile m_ojeda34 (287770253)>,What a clown,0
DIcRig7Mrwl,<Profile hendersap (8419731894)>,I bet if Biden did it MAGA would be running insane,0
DIcRig7Mrwl,<Profile sweeetogeri (1399232802)>,Hahahahaha,0
DIcRig7Mrwl,<Profile sabrina_ries (484605432)>,Ahole,0
DIcRig7Mrwl,<Profile jasonag26 (71018923689)>,Did u even say thank u,9
DIcRig7Mrwl,<Profile wardfederer (24031152324)>,Hillbilly is as hillbilly does.,2
DIcRig7Mrwl,<Profile 19lamechita77 (5518401066)>,:face_with_tears_of_joy::face_with_tears_of_joy::face_with_tears_of_joy:,0
DIcRig7Mrwl,<Profile koko97944 (73103656529)>,Silly :face_vomiting:,0
DIcRig7Mrwl,<Profile juliedf29 (212845934)>,Why does it come apart so easily?,0
DIcRig7Mrwl,<Profile slocricchio (6028128)>,:face_with_tears_of_joy::face_with_tears_of_joy::face_with_tears_of_joy:,0
DIcRig7Mrwl,<Profile justherb (181514319)>,Symbolic,0
DIcRig7Mrwl,<Profile angelarector89 (16175723)>,Loooserrrr,0
DIcRig7Mrwl,<Profile hugh_matt (8985380765)>,It literally broke in half while he received it lol. But of course mainstream media twists it. Anything to go against Trump & Vance. Do better @usatoday,0
DIcRig7Mrwl,<Profile mrejones0212 (33620796)>,He dropped the economy in basically the same way except there's no Buckeyes around to catch it for him. What a disgrace!,0
DIcRig7Mrwl,<Profile frigga19 (222129860)>,What a pos,0
DIcRig7Mrwl,<Profile felixfree1 (608803993)>,,1
DIcRig7Mrwl,<Profile sanchezjoea (9025213368)>,JD Vance is an Oops… :man_facepalming_light_skin_tone::face_with_tears_of_joy::face_with_tears_of_joy:,2
DIcRig7Mrwl,<Profile nick_allegrezza (5404994747)>,Literally the other guy pulling it apart :face_with_tears_of_joy:,2
DIcRig7Mrwl,<Profile low.keyslay (72968079174)>,:clown_face::clown_face::clown_face:,3
DIcRig7Mrwl,<Profile whysosubtle13 (44237028)>,How was this his fault? It literally came out of what it was supposed to be supported on :face_with_tears_of_joy::face_with_tears_of_joy:,1
DIcRig7Mrwl,<Profile mrelijah1 (27340888)>,:face_with_tears_of_joy::face_with_tears_of_joy::face_with_tears_of_joy::face_with_tears_of_joy:,4
DIcRig7Mrwl,<Profile cjd99_ (483103102)>,JD Vance what an L lmaoooo,3
DIcRig7Mrwl,<Profile thelifeofmelanie12 (12173088778)>,What a useless turd.,0
DIcRig7Mrwl,<Profile dontridedirty (467473224)>,Boy that left a bruise,2
DIcRig7Mrwl,<Profile jaybird_1128 (244966954)>,F him and F Ohio State Suckeyes,0
DIcRig7Mrwl,<Profile nubian_chyna27 (51148492365)>,B.D.A.,2
DIcRig7Mrwl,<Profile eleeusc (17800960)>,Fumbllllleeeeee!!!,4
DIcRig7Mrwl,<Profile lisamarwhit (1748901875)>,@gatorsmbk please don’t let them touch the trophy,0
DIcRig7Mrwl,<Profile coopboy2000 (2250603505)>,:face_with_tears_of_joy:,3
DIcRig7Mrwl,<Profile aidapitab (1287596008)>,Sue him!,2
DIcRig7Mrwl,<Profile tammy_turtle_1973 (2319383042)>,Right because humans don't drop things!!,1
DIcRig7Mrwl,<Profile sanelalalala (1440506532)>,"inept JD Vance, like his amigos",1
DIcRig7Mrwl,<Profile madaoyuan (8194761407)>,Penitente,1
DIcRig7Mrwl,<Profile tj_13 (53317903)>,Loser!!!:face_with_tears_of_joy:,0
DIcRig7Mrwl,<Profile safe._gospel_according_to_seth (10102184034)>,Dropped another trophy? :trophy: www.wwltv.com/shattered,0
DIcRig7Mrwl,<Profile misstoledo83 (555671585)>,SDE,1
DIcRig7Mrwl,<Profile andrea_brynn (236602151)>,What a mook.,1
DIcRig7Mrwl,<Profile lotos242 (37505909)>,Show an analogy to how Trump handled Covid,1
DIcRig7Mrwl,<Profile hamilton.jordan.31 (1518585423)>,Karma,1
DIcRig7Mrwl,<Profile mc2056 (2362216389)>,:clown_face: wow,1
DIcRig7Mrwl,<Profile fidoseofreality (243125385)>,Metaphor alert,1
DIcRig7Mrwl,<Profile msmeko70 (707070875)>,:clown_face::clown_face::clown_face::clown_face::clown_face:,1
DIcRig7Mrwl,<Profile rgoodman888 (1399679)>,:face_with_tears_of_joy:,2
DIcRig7Mrwl,<Profile karlakomorebi (5906000878)>,:cat_with_tears_of_joy::cat_with_tears_of_joy::cat_with_tears_of_joy::cat_with_tears_of_joy::cat_with_tears_of_joy::clown_face:,1
DIcRig7Mrwl,<Profile klara.szasz (3246306497)>,:face_with_tears_of_joy::face_with_tears_of_joy::face_with_tears_of_joy::face_with_tears_of_joy:,1
DIcRig7Mrwl,<Profile suzannenajim (704039598)>,:face_with_tears_of_joy::face_with_tears_of_joy::face_with_tears_of_joy::face_with_tears_of_joy:,1
DIcRig7Mrwl,<Profile diannasapphirica (228560020)>,"He just won, Donkey of the Day!",0
DIcRig7Mrwl,<Profile trishsattler (26996684794)>,:grinning_face_with_sweat::grinning_face_with_sweat::grinning_face_with_sweat::grinning_face_with_sweat:,1
DIcRig7Mrwl,<Profile mahende01 (2989283699)>,It’s embarrassing that Ohio State even decided to go there in the first place :face_with_rolling_eyes:,1
DIcRig7Mrwl,<Profile faythlwsims (340868958)>,#thattracks,1
DIcRig7Mrwl,<Profile fernandallama (1661539816)>,:face_with_tears_of_joy:,1
DIcRig7Mrwl,<Profile berly1974 (54161469)>,:woman_facepalming_light_skin_tone::face_with_tears_of_joy: not even for that he’s good at,1
DIcRig7Mrwl,<Profile tareitoff (70155519919)>,What a:clown_face::clown_face::clown_face::clown_face:,1
DIcRig7Mrwl,<Profile rubenalza (577152820)>,:egg:on!!!! Xd,1
DIcRig7Mrwl,<Profile islanderkirk (533861589)>,VEEP energy when Selena holds the Flappy Bird clock.,1
DIcRig7Mrwl,<Profile clobosquin (594267203)>,:face_with_tears_of_joy::face_with_tears_of_joy::face_with_tears_of_joy::face_with_tears_of_joy::face_with_tears_of_joy::face_with_tears_of_joy:,1
DIcRig7Mrwl,<Profile hotshotbst (10369002534)>,Just like he’s fumbled everything else,1
DIcRig7Mrwl,<Profile caroleraybarkley (72104322433)>,:face_with_tears_of_joy::face_with_tears_of_joy::face_with_tears_of_joy:,1
DIcRig7Mrwl,<Profile marc9430_ (853187655)>,He did it on purpose,1
DIcRig7Mrwl,<Profile ayannel_1 (339812328)>,:face_with_tears_of_joy::face_with_tears_of_joy::face_with_tears_of_joy::face_with_tears_of_joy::face_with_tears_of_joy::face_with_tears_of_joy:,1
DIcRig7Mrwl,<Profile dc710co (328960122)>,"Fumble economies, trophies what's the difference",1
DIcRig7Mrwl,<Profile artofwanderingimages (1902800546)>,Sums up the regime,1
DIcRig7Mrwl,<Profile eckelsman (52263377821)>,If people would open their eyes they could/would see the damn trophy fell apart!!!!,1
DIcRig7Mrwl,<Profile al_p9i (55754066377)>,:face_with_tears_of_joy::face_with_tears_of_joy::face_with_tears_of_joy::face_with_tears_of_joy:,1
DIcRig7Mrwl,<Profile tangoslow (424843980)>,That’s not all he fumbles,1
DIcRig7Mrwl,<Profile mylifeasj0se (203539136)>,@vp RESIGN!,1
DIcRig7Mrwl,<Profile annieseroyer (381580)>,"In the words of Joey Tribbiani, “You can’t do ANYTHING!!”",1
DIcRig7Mrwl,<Profile brickplate (234380201)>,(sadtrumpet.wav) :face_with_tears_of_joy:,1
DIcRig7Mrwl,<Profile itsyagurl222 (316459590)>,He's a doofus.,0
DIcRig7Mrwl,<Profile maryld_212 (22020650229)>,Can't wait for the memes,1
DIcRig7Mrwl,<Profile daiquirishack (272945626)>,The good lord has a sense of humor:rolling_on_the_floor_laughing:,1
DIcRig7Mrwl,<Profile toledo_solemio (5992190550)>,So clumpsy.,1
DIcRig7Mrwl,<Profile tammypowersaz (54476319)>,Great that we have Dumb & Dumber in office.,0
DIcRig7Mrwl,<Profile stefw51 (47911541712)>,Ha! Good! Hook 'em! :sign_of_the_horns:,1
DIcRig7Mrwl,<Profile brandon.wenerd (318671601)>,fumblerooski!,1
DIcRig7Mrwl,<Profile diego_jc_torres (26902336513)>,Living breathing Comedy Show on two legs,1
DIcRig7Mrwl,<Profile veragilbert7 (10846495469)>,Dang can’t trust him touching anything,1
DIcRig7Mrwl,<Profile th.ag.diallo (2980802219)>,La Chine fait peur :face_with_tears_of_joy::face_with_tears_of_joy::face_with_tears_of_joy::face_with_tears_of_joy:,1
DIcRig7Mrwl,<Profile anitamaria1226 (1107926382)>,Idk why they were there anyway,1
DIcRig7Mrwl,<Profile mehrgan3191 (2941235904)>,:face_with_tears_of_joy::face_with_tears_of_joy::face_with_tears_of_joy::face_with_tears_of_joy::face_with_tears_of_joy:,1
DIcRig7Mrwl,<Profile emorocksnyc1974 (8058156)>,What a goddam loser,0
DIcRig7Mrwl,<Profile kenolau (362341224)>,Total embarrassment all around.,1
DIcRig7Mrwl,<Profile realbonesyjonesy (6607489706)>,:face_with_peeking_eye:,1
DIcRig7Mrwl,<Profile pedwei (6055393681)>,Natural looser..not a champ,0
DIcRig7Mrwl,<Profile damiannjennifer (9755280)>,Hi really didn’t fumble it. It looks like it was t secured from where the base meets the top,1
DIcRig7Mrwl,<Profile kjma (2709014)>,:face_with_tears_of_joy:,1
DIcRig7Mrwl,<Profile cornbread25 (44166297)>,:man_facepalming_medium-dark_skin_tone:,1
DIcRig7Mrwl,<Profile dakota_and_ziggy (15947900056)>,Tool,1
DIcRig7Mrwl,<Profile katie.usatenko (9550889243)>,After dropping the economy that’s truly not a big deal :face_with_hand_over_mouth: he and the whole Trump’s team are just good at dropping things :woman_shrugging:,1
DIcRig7Mrwl,<Profile johnzthethird (14535040)>,Same way he handles the country,1
DIcRig7Mrwl,<Profile geoffreypreudhomme (330659779)>,"Stop drinking, JD! #KamalaWasRight #Kamala2028",1
DIcRig7Mrwl,<Profile realranamanzi (21370592)>,Derp,1
DIcRig7Mrwl,<Profile draculaura.0 (6082004477)>,Is there anything they can’t fck up!!?????,0
DIcRig7Mrwl,<Profile joeworden01 (4761555965)>,LMAO! FJDV!,1
DIcRig7Mrwl,<Profile sassyscribe (40694540)>,Karma for them showing up:face_with_tears_of_joy::face_with_tears_of_joy:,1
DIcRig7Mrwl,<Profile georgewooten3 (1452441618)>,:face_with_spiral_eyes::weary_face::rolling_on_the_floor_laughing:,1
DIcRig7Mrwl,<Profile lisakara1965 (35604031958)>,Just like he fumbled being a VP,1
DIcRig7Mrwl,<Profile keatonbrigner (46494062321)>,It comes in two pieces he didn't break anything,1
DIcRig7Mrwl,<Profile nicol3.l (15379571)>,:face_with_tears_of_joy::face_with_tears_of_joy::face_with_tears_of_joy::face_with_tears_of_joy::face_with_tears_of_joy::face_with_tears_of_joy:,1
DIcRig7Mrwl,<Profile fiorefiore3 (4386209549)>,:clown_face::clown_face:,2
DIcRig7Mrwl,<Profile kenolau (362341224)>,Got around black folks and was shaking thinking DEI,1
DIcRig7Mrwl,<Profile gail.a.scott (11426561772)>,"He BROKE it, didn’t he? Just like he breaks EVERYTHING!",1
DIcRig7Mrwl,<Profile skinrx (1297066164)>,Butter fingers !,1
DIcRig7Mrwl,<Profile outlawybk (18697982)>,The jokes write themselves…,2
DIcRig7Mrwl,<Profile kennedycottrell (10792542)>,Lmfaoooo,5
DIcRig7Mrwl,<Profile jaye.j.z (1572999509)>,:woman_facepalming::woman_facepalming::woman_facepalming::clown_face:,2
DIcRig7Mrwl,<Profile __sourdestroyer420 (395517080)>,Icónic :grinning_squinting_face:,2
DIcRig7Mrwl,<Profile ambutters (272530224)>,I mean let’s be honest. Did they use gorilla glue to hold the trophy together?,1
DIcRig7Mrwl,<Profile carlos_rios_studio (4721811)>,Of course she did.,1
DIcRig7Mrwl,<Profile thee_most_honest.1920 (18142780998)>,:face_with_tears_of_joy::face_with_tears_of_joy::face_with_tears_of_joy:,1
DIcRig7Mrwl,<Profile 5awt528351 (27006893096)>,Clown show!,0
DIcRig7Mrwl,<Profile 4willdriving (229526055)>,This is a great time for stand up comedians,1
DIcRig7Mrwl,<Profile littleheartshaper2025 (72145209623)>,"If Mida's touch can turn things into gold,Jd's touch can turn things into destruction. :face_with_tears_of_joy::face_with_tears_of_joy::face_with_tears_of_joy:",1
DIcRig7Mrwl,<Profile mariannmcdade (262919637)>,How appropriate!,1
DIcRig7Mrwl,<Profile ctbuckeye (18661214)>,He Vancing hard. Come on.,1
DIcRig7Mrwl,<Profile slapyaselfmedia (72616795760)>,Joe Dementia Biden would’ve pooped his pants and asked for ice cream while falling. Democrats voted for a senile restard :face_with_tears_of_joy::face_with_tears_of_joy::face_with_tears_of_joy::face_with_tears_of_joy::face_with_tears_of_joy::face_with_tears_of_joy::face_with_tears_of_joy:,0
DIcRig7Mrwl,<Profile ellenp4859 (65609758415)>,Omg what a F up he is your a disgrace,0
DIcRig7Mrwl,<Profile hpymeal2018 (7052463799)>,:woman_facepalming_light_skin_tone:. Story of his coordination,1
DIcRig7Mrwl,<Profile lynnspowell (344912878)>,"It fell apart, he didn’t drop it.",1
DIcRig7Mrwl,<Profile ivanlin214 (1958679618)>,Peasant is doing what peasant does,3
DIcRig7Mrwl,<Profile benji_september0.9 (38664699)>,“Just Dumb Vance”,0
DIcRig7Mrwl,<Profile schradenator (397338445)>,:face_with_tears_of_joy: damn that sucks but the trophy is ok it's only an overpaid Ohio State team anyway...,1
DIcRig7Mrwl,<Profile suzyt894 (322635658)>,"Welp, they walked into a clown show, so there’s that :face_with_monocle:",0
DIcRig7Mrwl,<Profile allyouneedtoknow_2 (35742378)>,:face_with_tears_of_joy::face_with_tears_of_joy::face_with_tears_of_joy::face_with_tears_of_joy:,1
DIcRig7Mrwl,<Profile andreigvozdikovsky (51533911550)>,Buffoon,1
DIcRig7Mrwl,<Profile mark_picslongisland (5694782033)>,I mean either it broke or he didn’t know it was two pieces. What’s nothing of a story.,1
DIcRig7Mrwl,<Profile steve4009 (3017860837)>,What a dwipstit,1
DIcRig7Mrwl,<Profile awan_besar72 (11446158893)>,:clown_face: he’s just a glorified talker no substance,1
DIcRig7Mrwl,<Profile taekenyun (523469426)>,Are we great yet?,1
DIcRig7Mrwl,<Profile iitsbriit (1467863477)>,:face_with_tears_of_joy::face_with_tears_of_joy:,1
DIcRig7Mrwl,<Profile jillininthecarolinas (2242841587)>,"When he was going to school there, he probably never met or got near a football player.  He was so nervous to be in their presence he made a :clown_face: of himself.",1
DIcRig7Mrwl,<Profile lucaswillams92 (73805844824)>,Bunch of idiots on the comment section. That’s a simple mistake. I think the trophy is more beautiful with the all gold designs. That’s how a good trophy should look like . Nice one JD you are so creative. I recognize your creativity.,1
DIcRig7Mrwl,<Profile jm_fangio_ (2299484360)>,What a maroon,1
DIcRig7Mrwl,<Profile laughsforliberty (72927843797)>,lol :clown_face:,1
DIcRig7Mrwl,<Profile the_real_justlivejen1 (51601260271)>,:clown_face:,1
DIcRig7Mrwl,<Profile mallefuguet (1557896607)>,:face_with_tears_of_joy::face_with_tears_of_joy::face_with_tears_of_joy::face_with_tears_of_joy::face_with_tears_of_joy: the stupid boy of the elementary,0
DIcRig7Mrwl,<Profile combsginny (1475791914)>,:face_with_tears_of_joy::face_with_tears_of_joy:,1
DIcRig7Mrwl,<Profile donald49er_for_life_04 (503381345)>,:face_with_tears_of_joy::face_with_tears_of_joy::face_with_tears_of_joy::face_with_tears_of_joy::face_with_tears_of_joy::face_with_tears_of_joy::face_with_tears_of_joy::face_with_tears_of_joy::face_with_tears_of_joy::face_with_tears_of_joy:,1
DIcRig7Mrwl,<Profile ughhwutt (12944579)>,It's his wet brain acting up from his mom drinking and using when she was pregnant with him.,1
DIcRig7Mrwl,<Profile mr.strong.ukraine (8301947369)>,:face_with_tears_of_joy::face_with_tears_of_joy:,2
DIcRig7Mrwl,<Profile number5soul (1371139575)>,:face_with_tears_of_joy::face_with_tears_of_joy::face_with_tears_of_joy::clown_face:,1
DIcRig7Mrwl,<Profile steph37gbay (1621123086)>,:face_with_tears_of_joy::face_with_tears_of_joy::face_with_tears_of_joy::face_with_tears_of_joy::face_with_tears_of_joy:,1
DIcRig7Mrwl,<Profile gmilesman (43029697)>,The whole administration is embarrassing,1
DIcRig7Mrwl,<Profile raynchantell (535376883)>,USA Today=:clown_face::clown_face::clown_face:,1
DIcRig7Mrwl,<Profile br_brennon (1955853527)>,:face_with_tears_of_joy::face_with_tears_of_joy::face_with_tears_of_joy::face_with_tears_of_joy::face_with_tears_of_joy::face_with_tears_of_joy::face_with_tears_of_joy::face_with_tears_of_joy::face_with_tears_of_joy::face_with_tears_of_joy::face_with_tears_of_joy::face_with_tears_of_joy::face_with_tears_of_joy::face_with_tears_of_joy::face_with_tears_of_joy::face_with_tears_of_joy::face_with_tears_of_joy::face_with_tears_of_joy::face_with_tears_of_joy::face_with_tears_of_joy::face_with_tears_of_joy::face_with_tears_of_joy::face_with_tears_of_joy::face_with_tears_of_joy::face_with_tears_of_joy::face_with_tears_of_joy: Could not have happened to a more deserving individual.,1
DIcRig7Mrwl,<Profile adventuresofdaveandlexi (33742439763)>,"That’s a perfect illustration of Vance; weird, awkward, evil.",0
DIcRig7Mrwl,<Profile orbital_bebop (23737016)>,Bet he would have been more gentle if it was a couch.,1
DIcRig7Mrwl,<Profile coach.a24 (67785922413)>,That’s what they get for going to the White House. Now it gives me a reason to never cheer for Ohio State ever again.,1
DIcRig7Mrwl,<Profile diegoalejandroserrato (51232245795)>,How is it his fault :face_with_tears_of_joy: the trophy broke in 2,1
DIcRig7Mrwl,<Profile dar_d_sar (2138637916)>,Bravo!!:face_with_tears_of_joy:,1
DIcRig7Mrwl,<Profile stchistophe (54607478199)>,Trumps administration is a job.  God its@embarrasing.,1
DIcRig7Mrwl,<Profile hides_behind_your_eyes (376273708)>,Does he need a sippy cup too?,1
DIcRig7Mrwl,<Profile dose1_ (187577865)>,:face_with_tears_of_joy:,1
DIcRig7Mrwl,<Profile ozzzk7 (7245906875)>,"Its a good luck throing down a tropy , thru my friends ;)",1
DIcRig7Mrwl,<Profile lifeissmoothe (210486356)>,Most MAGAts are dweebs :face_with_tears_of_joy::face_with_tears_of_joy:,1
DIcRig7Mrwl,<Profile trevtravels82 (39546501)>,If it was a couch he woulda had it no problem.,1
DIcRig7Mrwl,<Profile southern_dallas_magazine_ (1282154374)>,So emblematic of this administration. Fumbling everything.:man_facepalming_medium-dark_skin_tone:,1
DIcRig7Mrwl,<Profile alwanafzn (4713038648)>,He knows that trophy was corrupted LMAO,1
DIcRig7Mrwl,<Profile thataintmefu (841744331)>,:face_with_tears_of_joy::face_with_tears_of_joy::face_with_tears_of_joy:,1
DIcRig7Mrwl,<Profile geebo68 (550788836)>,":face_with_tears_of_joy::face_with_tears_of_joy::face_with_tears_of_joy::face_with_tears_of_joy:. Sorry, couldn’t happen to a smoother guy. Hands as clumsy as his mouth",1
DIcRig7Mrwl,<Profile juliean512 (420702731)>,Loser,0
DIcRig7Mrwl,<Profile tawnyar (20645612)>,Can’t do anything right,1
DIcRig7Mrwl,<Profile aliciazartmann (182521473)>,jesus christ,1
DIcRig7Mrwl,<Profile spitlersyl (1931654299)>,Oh snap! :face_with_tears_of_joy::face_with_tears_of_joy::face_with_tears_of_joy::face_with_tears_of_joy:,1
DIcRig7Mrwl,<Profile dorada2828 (57899289089)>,:face_with_tears_of_joy::face_with_tears_of_joy::face_with_tears_of_joy:,1
DIcRig7Mrwl,<Profile bravobravo_hhpov (839883657)>,:face_with_tears_of_joy::face_with_tears_of_joy::face_with_tears_of_joy::face_with_tears_of_joy::face_with_tears_of_joy::face_with_tears_of_joy::face_with_tears_of_joy::face_with_tears_of_joy::face_with_tears_of_joy:,1
DIcRig7Mrwl,<Profile tbunte (42287603)>,JFC,1
DIcRig7Mrwl,<Profile kellyduke33 (1751676212)>,They have so much money.  Who cares :face_with_rolling_eyes::face_with_rolling_eyes::face_with_rolling_eyes:,0
DIcRig7Mrwl,<Profile jdavisknox14 (7152092549)>,The fact that this happened to Vance and OSU makes me SO f***ing happy :grinning_squinting_face: I needed this. Thanks.,0
DIcRig7Mrwl,<Profile lunamalaika0805 (73399134790)>,:face_with_tears_of_joy::face_with_tears_of_joy::face_with_tears_of_joy:,0
DIcRig7Mrwl,<Profile readyforvalhal (1835665861)>,:face_with_peeking_eye::face_with_rolling_eyes::face_with_tears_of_joy:,0
DIcRig7Mrwl,<Profile ebert_49 (52940182)>,Very Vance thing to do,0
DIcRig7Mrwl,<Profile kaellancey (40477836894)>,i mean he probably didn’t expect for the trophy to not be in one piece :face_with_tears_of_joy:,0
DIcRig7Mrwl,<Profile terrencevaccaro (2272728132)>,If this isn’t the perfect metaphor than nothing is,0
DIcRig7Mrwl,<Profile raynaliv (305923890)>,:face_with_tears_of_joy::face_with_tears_of_joy::face_with_tears_of_joy:,0
DIcRig7Mrwl,<Profile swanky1966 (4490179315)>,She is a mess,0
DIcRig7Mrwl,<Profile hellomatthewcopeland (403649923)>,:face_with_tears_of_joy::face_with_tears_of_joy::face_with_tears_of_joy::face_with_tears_of_joy:,0
DIcRig7Mrwl,<Profile anna_b0595 (55267711092)>,:face_with_tears_of_joy::face_with_tears_of_joy:,0
DIcRig7Mrwl,<Profile paulontheeastcoast (7382532672)>,He shouldn't be in charge of anything more important than the TV remote control.,0
DIcRig7Mrwl,<Profile williewill1987 (665742644)>,:face_with_tears_of_joy:,0
DIcRig7Mrwl,<Profile alexisemilyspangler (16021406)>,This made my day,0
DIcRig7Mrwl,<Profile degie (36009998)>,:face_with_tears_of_joy::face_with_tears_of_joy::face_with_tears_of_joy:,0
DIcRig7Mrwl,<Profile sylvia_gallegos_ (657967314)>,Stupid :face_with_tears_of_joy::face_with_tears_of_joy::face_with_tears_of_joy::face_with_tears_of_joy::face_with_tears_of_joy::face_with_tears_of_joy:,0
DIcRig7Mrwl,<Profile elfeodemiguel (8671369488)>,"JD Fumbling with the furniture checks out…
:couch_and_lamp:",0
DIcRig7Mrwl,<Profile melvalu46 (1786213553)>,Oh he fumbles all right! :face_with_tears_of_joy::face_with_tears_of_joy::face_with_tears_of_joy::face_with_tears_of_joy:,0
DIcRig7Mrwl,<Profile anabelezia (1777991581)>,:face_with_tears_of_joy::face_with_tears_of_joy::face_with_tears_of_joy::face_with_tears_of_joy::face_with_tears_of_joy::face_with_tears_of_joy::face_with_tears_of_joy::face_with_tears_of_joy::face_with_tears_of_joy:,0
DIcRig7Mrwl,<Profile vani.amina (2291145155)>,Bahaha that’s the Ani-Midas touch. :face_with_tears_of_joy:,0
DIcRig7Mrwl,<Profile officialtreasurechest (53301046)>,Hmmm :face_with_raised_eyebrow::face_with_monocle:,0
DIcRig7Mrwl,<Profile pakolovestacos_ (27762245)>,Seems about how all is going,0
DIcRig7Mrwl,<Profile jennlanter (17835719)>,So Vance,0
DIcRig7Mrwl,<Profile pocntasha (376486833)>,:face_with_tears_of_joy::face_with_tears_of_joy::face_with_tears_of_joy::face_with_tears_of_joy::face_with_tears_of_joy::face_with_tears_of_joy::face_with_tears_of_joy::face_with_tears_of_joy::hundred_points:GOD DONT LIKE UGLY,0
DIcRig7Mrwl,<Profile booriggs (1363670408)>,He fumbles everything....,0
DIcRig7Mrwl,<Profile sukagebbla (1640405810)>,I love this on so many levels.,0
DIcRig7Mrwl,<Profile maqo08 (254758395)>,:face_with_tears_of_joy::face_with_tears_of_joy::face_with_tears_of_joy::face_with_tears_of_joy::face_with_tears_of_joy::face_with_tears_of_joy:,0
DIcRig7Mrwl,<Profile crhae1908 (1549584443)>,:face_with_tears_of_joy::face_with_tears_of_joy::face_with_tears_of_joy:,2
DIcRig7Mrwl,<Profile skycladpyxie (30303547576)>,:woman_facepalming_light_skin_tone: Someone put him back in his baby high chair!,0
DIcRig7Mrwl,<Profile richardsmith9850 (44695301628)>,:face_with_tears_of_joy::face_with_tears_of_joy::face_with_tears_of_joy:,0
DIcRig7Mrwl,<Profile shaaztastic (2810181)>,:face_with_tears_of_joy::face_with_tears_of_joy::face_with_tears_of_joy::face_with_tears_of_joy::face_with_tears_of_joy::face_with_tears_of_joy::face_with_tears_of_joy::face_with_tears_of_joy:,0
DIcRig7Mrwl,<Profile queenmitch15 (2876144375)>,:face_with_tears_of_joy::face_with_tears_of_joy::face_with_tears_of_joy::face_with_tears_of_joy::face_with_tears_of_joy:,0
DIcRig7Mrwl,<Profile pudgiemarie (52358690471)>,:face_with_tears_of_joy::face_with_tears_of_joy::face_with_tears_of_joy::face_with_tears_of_joy:,0
DIcRig7Mrwl,<Profile lnerjon (315949056)>,Idiot.,0
DIcRig7Mrwl,<Profile jemillerphotos (2762264928)>,What a dork,0
DIcRig7Mrwl,<Profile salrosay (1071818297)>,Good,0
DIcRig7Mrwl,<Profile pradaforthesoul (214179816)>,"In his defense, it looks like it fell apart",0
DIcRig7Mrwl,<Profile kccollins87 (39889762940)>,Wasn’t his fault!  That was a cheap ole trophy:face_with_tears_of_joy::face_with_tears_of_joy::face_with_tears_of_joy:,0
DIcRig7Mrwl,<Profile xmxcxpx (530344391)>,Wtf :face_with_tears_of_joy:,0
DIcRig7Mrwl,<Profile michael_mitchell_glw (45854567159)>,JD wasn’t hired to play games,0
DIcRig7Mrwl,<Profile kia.nicole.g (223113911)>,That’s aligned with everything about this administration :woman_facepalming_medium_skin_tone:,0
DIcRig7Mrwl,<Profile sz.ibanez (8097093761)>,Karma… :face_with_tears_of_joy:,0
DIcRig7Mrwl,<Profile hinesyolie (60809180632)>,Ohhhh :squinting_face_with_tongue::thumbs_down:,2
DIcRig7Mrwl,<Profile lumberlanestudio (254848106)>,:clown_face:,0
DIcRig7Mrwl,<Profile djknlr (13892709)>,Trophy don’t lie. :eyes:,0
DIcRig7Mrwl,<Profile dyami_sakima_ripmac (202675361)>,:face_with_tears_of_joy::face_with_tears_of_joy::face_with_tears_of_joy::face_with_tears_of_joy::face_with_tears_of_joy::face_with_tears_of_joy:,0
DIcRig7Mrwl,<Profile bdyoungbl3 (4549245920)>,:face_with_tears_of_joy::face_with_tears_of_joy:what a dipshit!,0
DIcRig7Mrwl,<Profile motorcrossforeva (54121831691)>,He accidentally dropped a trophy guys? Cmon..,0
DIcRig7Mrwl,<Profile sandra_fus_son (1377386637)>,WHAT A PEASANT!!!!!!!,0
DIcRig7Mrwl,<Profile naples_spartan (190756281)>,James Bowman,0
DIcRig7Mrwl,<Profile naples_spartan (190756281)>,Use the name he was born with… James Bowman,0
DIcRig7Mrwl,<Profile beeteezybaebee (217801514)>,I hate it here,0
DIcRig7Mrwl,<Profile exquisitedesigns_creations (707835179)>,Eerything he touches crumbles in the same manner!,0
DIcRig7Mrwl,<Profile lynne_frost_ (5817695982)>,:face_with_tears_of_joy::face_with_tears_of_joy::face_with_tears_of_joy:,0
DIcRig7Mrwl,<Profile geofuegeo.tm (9295645757)>,He got the golden vulva award :face_with_tears_of_joy:,0
DIcRig7Mrwl,<Profile marsha_knows_minnows (177830279)>,What a dufus,0
DIcRig7Mrwl,<Profile kerstinjvclt (61756125112)>,Even the simplest things he can’t achieve,0
DIcRig7Mrwl,<Profile theflawlessicko (8339002565)>,L,0
DIcRig7Mrwl,<Profile lpaerry (427489323)>,:face_with_tears_of_joy: dumb :donkey:,0
DIcRig7Mrwl,<Profile swearle.ai (19057868804)>,HAHAHAHA,0
DIcRig7Mrwl,<Profile adelich83 (33659642)>,SNL is going to eat this up!!!,0
DIcRig7Mrwl,<Profile jamie_witcombe (8623231898)>,Total Carnage as per usual!!,0
DIcRig7Mrwl,<Profile bon__javier (238262099)>,@esaagar,0
DIcRig7Mrwl,<Profile damon.williams.7796 (7398447391)>,Oh boy. Next time be carefully,0
DIcRig7Mrwl,<Profile beergeney (23267137)>,:rolling_on_the_floor_laughing:,0
DIcRig7Mrwl,<Profile jopopob (8595087345)>,:face_with_tears_of_joy:,0
DIcRig7Mrwl,<Profile nathanllw (511262736)>,:face_with_tears_of_joy::face_with_tears_of_joy::face_with_tears_of_joy::face_with_tears_of_joy::face_with_tears_of_joy:,0
DIcRig7Mrwl,<Profile comfortablepatty (16672383)>,:face_with_tears_of_joy:,0
DIcRig7Mrwl,<Profile samiamsam85 (1789225353)>,This is our country so far,0
DIcRig7Mrwl,<Profile skythepinkgirlandburrito (42431844942)>,:face_with_tears_of_joy::face_with_tears_of_joy::face_with_tears_of_joy:,0
DIcRig7Mrwl,<Profile dave.t.wang (41474257449)>,"Hahaha. He doesn't like Ohio, and that's what happened.",0
DIcRig7Mrwl,<Profile alicia.trotter (2988035779)>,:woman_facepalming_medium-dark_skin_tone::woman_facepalming_medium-dark_skin_tone::woman_facepalming_medium-dark_skin_tone:,0
DIcRig7Mrwl,<Profile megan_b_nice (30590764)>,Loser,0
DIcRig7Mrwl,<Profile pkelly500 (1011354898)>,He shows about the same skill in governing.,0
DIcRig7Mrwl,<Profile asdrubal3000 (535452863)>,:rolling_on_the_floor_laughing::rolling_on_the_floor_laughing::rolling_on_the_floor_laughing::rolling_on_the_floor_laughing::rolling_on_the_floor_laughing:,0
DIcRig7Mrwl,<Profile amt71 (411827403)>,too many POC around him made him feel uncomfortable,0
DIcRig7Mrwl,<Profile im_hugh_jazz (54970200845)>,What a ‘fing  dork,0
DIcRig7Mrwl,<Profile _xora_ (343057290)>,Just what they are doing with our country!,0
DIcRig7Mrwl,<Profile radioshach (39442509)>,Why Not? They’re Fumbling the Nation :United_States:,7
DIcRig7Mrwl,<Profile clorellana82 (38887827)>,:face_with_tears_of_joy::face_with_tears_of_joy::face_with_tears_of_joy::face_with_tears_of_joy::face_with_tears_of_joy:,0
DIcRig7Mrwl,<Profile skys.grandma (13693248885)>,"Meanwhile, prob broke that man's foot. Whatta clutz",0
DIcRig7Mrwl,<Profile mar.ant_sc (35592162640)>,Represents this CIRCUS well :face_with_tears_of_joy::face_with_tears_of_joy::face_with_tears_of_joy::face_with_tears_of_joy::face_with_tears_of_joy::face_with_tears_of_joy::face_with_tears_of_joy::face_with_tears_of_joy::face_with_tears_of_joy::face_with_tears_of_joy::face_with_tears_of_joy::face_with_tears_of_joy::face_with_tears_of_joy::face_with_tears_of_joy::face_with_tears_of_joy::face_with_tears_of_joy::face_with_tears_of_joy::face_with_tears_of_joy::face_with_tears_of_joy::face_with_tears_of_joy:,0
DIcRig7Mrwl,<Profile susanafritz1978 (3050738458)>,They destroy everything :woozy_face::woozy_face:,0
DIcRig7Mrwl,<Profile jamiefranklin09 (270687880)>,Classic lol,0
DIcRig7Mrwl,<Profile migbondl (444476734)>,Awkward made,0
DIcRig7Mrwl,<Profile garywalter564 (31492607735)>,Trophy must be made in China,0
DIcRig7Mrwl,<Profile thecoolgirljc (2412650588)>,:face_with_tears_of_joy::face_with_tears_of_joy::face_with_tears_of_joy:,0
DIcRig7Mrwl,<Profile queenbz0988 (29344522490)>,Yet he claims to be a real vet but can’t hold a trophy :trophy: image if he had to carry and use a fireman :face_with_diagonal_mouth: :face_with_tears_of_joy:,0
DIcRig7Mrwl,<Profile hdsrosedale (176479753)>,"As an OSU alumni, I am terribly disappointed they even went to the White House. Should have followed Philly’s lead…",0
DIcRig7Mrwl,<Profile rosie7777777 (2289337495)>,"The past Presidents and Vice presidents never dropped them, but it doesn't surprise us.",0
DIcRig7Mrwl,<Profile iloveshelterdogs (3638352551)>,:clown_face::clown_face::clown_face:,0
DIcRig7Mrwl,<Profile zackattackbos (68443176426)>,:face_with_tears_of_joy::face_with_tears_of_joy::face_with_tears_of_joy::face_with_tears_of_joy::face_with_tears_of_joy::face_with_tears_of_joy::face_with_tears_of_joy:,0
DIcRig7Mrwl,<Profile gaulatti (35446526)>,Did the trophy say “thank you”?,0
DIcRig7Mrwl,<Profile betadeltanupe (190644304)>,Mascara got in his eyes:face_with_tears_of_joy::face_with_tears_of_joy::face_with_tears_of_joy::face_with_tears_of_joy:,0
DIcRig7Mrwl,<Profile marley20011 (2364894132)>,HAHAHAHAHAHAHAHAHAHAHAHAHA this administration is a complete embarrassment to humanity. People actually voted for these boneheads?????? HAHAHAHAHAHAHAHA,0
DIcRig7Mrwl,<Profile t_payne3.17 (188116818)>,"I mean, why you gotta pick it up in the first place? :unamused_face:",0
DIcRig7Mrwl,<Profile lisaaybike (36637214)>,Jezz can that guy do anything,0
DIcRig7Mrwl,<Profile tom_burns_12 (3735498028)>,This administration is fumbling everything,0
DIcRig7Mrwl,<Profile sacco_nancy (5729359541)>,Wow,0
DIcRig7Mrwl,<Profile ignivomous (357633667)>,Jfc,0
DIcRig7Mrwl,<Profile miamidreamin1127 (6091445)>,Can’t wait for the SNL version of this :rolling_on_the_floor_laughing::rolling_on_the_floor_laughing::rolling_on_the_floor_laughing:,0
DIcRig7Mrwl,<Profile the.opposite.of.rizz (175532553)>,Lmao what can't he not do,0
DIcRig7Mrwl,<Profile sunnydc (8916766)>,:face_with_tears_of_joy:,0
DIcRig7Mrwl,<Profile d812rags (273659373)>,STRAIGHT GOOFY! HE SHOULDN'T EVEN BE TOUCHING IT:beaming_face_with_smiling_eyes:,0
DIcRig7Mrwl,<Profile mwusterrr93 (546660138)>,Why nobody comment on his age and how that must make him unfit,0
DIcRig7Mrwl,<Profile kristilynncd (4202990318)>,What a tool,0
DIcRig7Mrwl,<Profile bigdogg7777 (28974131)>,:clown_face::circus_tent:,0
DIcRig7Mrwl,<Profile alex_baldock_01 (72699607250)>,:face_with_tears_of_joy::face_with_tears_of_joy::face_with_tears_of_joy::face_with_tears_of_joy::face_with_tears_of_joy::face_with_tears_of_joy::face_with_tears_of_joy::face_with_tears_of_joy::face_with_tears_of_joy:,0
DIcRig7Mrwl,<Profile ising.513 (8597136294)>,"Between him, Rump & Muskrat…I CAN’T! :woman_facepalming_medium_skin_tone::face_with_tears_of_joy:",0
DIcRig7Mrwl,<Profile kid_kiwi (188917301)>,Lmfaoooo,0
DIcRig7Mrwl,<Profile mrslutes_likeflutes (3561755116)>,I could watch this forever….on a loop :face_with_tears_of_joy:,0
DIcRig7Mrwl,<Profile nevin23 (104756044)>,Wow. What an idiot.,0
DIcRig7Mrwl,<Profile rebleh19 (522671998)>,Really sums up the whole vibe,0
DIcRig7Mrwl,<Profile ahurst1023 (5550410064)>,:face_with_tears_of_joy:,0
DIcRig7Mrwl,<Profile drsalmeron (144346660)>,Fumbling everything else for the US,0
DIcRig7Mrwl,<Profile shobimobi (204000617)>,Fumbleeeeee,0
DIcRig7Mrwl,<Profile hjsorkin (554017959)>,:skull:,0
DIcRig7Mrwl,<Profile markarosenberg (425010479)>,"To be fair, first trophy he’s ever handled",0
DIcRig7Mrwl,<Profile lustpistol2000 (3110736741)>,:face_with_tears_of_joy::face_with_tears_of_joy::face_with_tears_of_joy::face_with_tears_of_joy::face_with_tears_of_joy:Go Blue :blue_heart:,0
DIcRig7Mrwl,<Profile r.roffmann (304902997)>,Failure. Thats what These fcking clowns are!,0
DIcRig7Mrwl,<Profile luxewanderer (2502837509)>,Quite apropos!,0
DIcRig7Mrwl,<Profile rossgxs1957 (3122236276)>,:face_with_tears_of_joy:,3
DIcRig7Mrwl,<Profile cmb.costas (5760991824)>,:clown_face::clown_face::clown_face::clown_face::clown_face:,3
DIcRig7Mrwl,<Profile itsmesuzyqz (178179998)>,Oh snap.,0
DIcRig7Mrwl,<Profile meg_hig1 (186147895)>,P3nd3j0,0
DIcRig7Mrwl,<Profile girllikedollie (73636617853)>,:grinning_face_with_sweat:,0
DIcRig7Mrwl,<Profile ljconnor2019 (15638868675)>,"Just stay home JD, please, stay home next time!",0
DIcRig7Mrwl,<Profile mr.dre2020 (2266475658)>,"Bread can mold , what is he is able to?",0
DIcRig7Mrwl,<Profile igmarstyle (293635580)>,:face_with_tears_of_joy::face_with_tears_of_joy::face_with_tears_of_joy::face_with_tears_of_joy::face_with_tears_of_joy::face_with_tears_of_joy::face_with_tears_of_joy:,0
DIcRig7Mrwl,<Profile roxsteady_dondada (62287211109)>,Like everything he does,0
DIcRig7Mrwl,<Profile ronaldgrey (1514911810)>,:american_football: And he claims to be from Ohio:exclamation_question_mark:,0
DIcRig7Mrwl,<Profile shi_ei_jeanne (3975908860)>,:face_with_tears_of_joy::face_with_tears_of_joy::face_with_tears_of_joy:,0
DIcRig7Mrwl,<Profile agataf8883 (1162146509)>,How appropriate,0
DIcRig7Mrwl,<Profile christi_anne_mg (1067290116)>,That’s what u get for letting him touch it.,0
DIcRig7Mrwl,<Profile incognito_193 (4731430189)>,:face_with_tears_of_joy::face_with_tears_of_joy::face_with_tears_of_joy:,0
DIcRig7Mrwl,<Profile lilyaguilar99 (1046897051)>,Jajajajajaja :face_with_tears_of_joy:,0
DIcRig7Mrwl,<Profile yoshi.yamakawa (3642055017)>,He broke a few couches also,0
DIcRig7Mrwl,<Profile samuelbfra (7141448535)>,"I did not hear a ""thank you"".",0
DIcRig7Mrwl,<Profile gramuolskyess7 (45278083451)>,Smh :skull::skull::rolling_on_the_floor_laughing::rolling_on_the_floor_laughing::rolling_on_the_floor_laughing:,0
DIcRig7Mrwl,<Profile 4nastyhoneybadgers (35185474179)>,Wanker,0
DIcRig7Mrwl,<Profile ariesbaby17 (4679045)>,:face_with_tears_of_joy:,0
DIcRig7Mrwl,<Profile stringerbel4 (337028486)>,Dammmm man and JD is my man. :face_with_tears_of_joy::face_with_tears_of_joy::face_with_tears_of_joy::face_with_tears_of_joy::face_with_tears_of_joy:,0
DIcRig7Mrwl,<Profile johnalexg_ (354304490)>,"Wow that’s not manly at all, is it? @jessewatters",0
DIcRig7Mrwl,<Profile jlyngreg (35857246)>,:face_with_tears_of_joy::face_with_tears_of_joy::face_with_tears_of_joy:,0
DIcRig7Mrwl,<Profile johnalexg_ (354304490)>,@jessewatters looks like this manly man can’t pick up a trophy,0
DIcRig7Mrwl,<Profile cmwegs69 (39179766988)>,:face_with_rolling_eyes:,0
DIcRig7Mrwl,<Profile julie_l_harper (5619533561)>,What a pitiful excuse for a VP,0
DIcRig7Mrwl,<Profile castilho7980 (56981744863)>,Lo que cayo  representa  a USA. El país se les fue de la mano. :face_with_tears_of_joy:,0
DIcRig7Mrwl,<Profile sportsfannw (288381620)>,Slippery like he is…. So says a friend. :man_shrugging_light_skin_tone:,0
DIcRig7Mrwl,<Profile oldbluejeansx (3878330)>,Not even capable to hold things,0
DIcRig7Mrwl,<Profile jackthebiscuit010 (61961674303)>,It’s a baseless situation,0
DIcRig7Mrwl,<Profile bryson_jr_tech (9132947432)>,If he can’t hold the trophy :trophy: with care he can’t hold a country either :loudly_crying_face:,0
DIcRig7Mrwl,<Profile yourlora.cain (71933304318)>,Thats a nice commercial :face_with_tears_of_joy::face_with_tears_of_joy: rofl,0
DIcRig7Mrwl,<Profile julespotter3 (208247199)>,"You meant to say, cheaply made Trophy broke. #Morons",0
DIcRig7Mrwl,<Profile not_playin_yo (1619472228)>,":face_with_tears_of_joy: sheesh, these guys… :face_with_tears_of_joy::face_with_tears_of_joy::face_with_tears_of_joy::face_with_tears_of_joy:not very astute..",0
DIcRig7Mrwl,<Profile armandon11 (7124710)>,Figures. This administration fumbles everything :face_with_tears_of_joy:,0
DIcRig7Mrwl,<Profile myco_kibuuka_ (7511777874)>,Isnt he a human being :face_with_tears_of_joy:,0
DIcRig7Mrwl,<Profile bigbadbobbiggs (3009842010)>,What state is he from?,0
DIcRig7Mrwl,<Profile kathyk1855 (54735263928)>,He also said the M word twice!,0
DIcRig7Mrwl,<Profile camsmom1999 (2234872628)>,Miss Maybelline has butter fingers,0
DIcRig7Mrwl,<Profile calenderjames (36749391550)>,Has Vance ever played in any organized sports?!,0
DIcRig7Mrwl,<Profile rockerroller71 (3136409424)>,Just leave it alone ffs,0
DIcRig7Mrwl,<Profile eloah.deoliveira (2275527159)>,@b.copp25,0
DIcRig7Mrwl,<Profile juckstapose (191044562)>,"Yep, destroying useless government jobs and giving the money back to the taxpayers. Your correct :thumbs_up_light_skin_tone:",0
DIcRig7Mrwl,<Profile wrirobe1995 (956456478)>,He couldn't hold his own :peanuts: s...:face_with_tears_of_joy::face_with_tears_of_joy::face_with_tears_of_joy:,0
DIcRig7Mrwl,<Profile czarine.edelson (37334053946)>,Just Don't Vance,0
DIcRig7Mrwl,<Profile phillyphatt (242260248)>,He's a :clown_face:  just like cheese face,0
DIcRig7Mrwl,<Profile christopher.moreno.1675 (49164577110)>,He proves he's incompetent even holding  trophies:trophy:,0
DIcRig7Mrwl,<Profile martin_etchepare (27377723316)>,Ups,0
DIcRig7Mrwl,<Profile janelhurley (177496795)>,:face_with_rolling_eyes::clown_face:,0
DIcRig7Mrwl,<Profile denisew923 (40576936854)>,:face_with_tears_of_joy::face_with_tears_of_joy::face_with_tears_of_joy::face_with_tears_of_joy:,0
DIcRig7Mrwl,<Profile davidfbonilla (2282001316)>,So manly,0
DIcRig7Mrwl,<Profile zje305 (382203002)>,Yea not quite that thing was built to fail and two pc,0
DIcRig7Mrwl,<Profile p3riph3ral (18892555)>,Have you even said thank you?,0
DIcRig7Mrwl,<Profile hotrod5177 (690836173)>,Goofy:face_with_tears_of_joy:,0
DIcRig7Mrwl,<Profile joyoloesiahari (50645566)>,Like what they did on the US economy ...,0
DIcRig7Mrwl,<Profile fakeheiresssss (61465636422)>,He’s much more comfortable grabbing a couch :couch_and_lamp:,0
DIcRig7Mrwl,<Profile majacobs1987 (2014842651)>,Temu trophy cause they couldn’t beat their rival :face_with_tears_of_joy: .  Go blue,0
DIcRig7Mrwl,<Profile mackenzielayla (281584032)>,"Ew, OSU should have refused the White House invite",0
DIcRig7Mrwl,<Profile walkermjones2 (48895909597)>,Yeah he drops everything he touches,0
DIcRig7Mrwl,<Profile allthatglitters94506 (6915949227)>,He shoukd have turned around and apologized and left,0
DIcRig7Mrwl,<Profile ellenomary (23737562)>,What a boob,0
DIcRig7Mrwl,<Profile ypiano5 (39689217249)>,:face_with_tears_of_joy::face_with_tears_of_joy::face_with_tears_of_joy::face_with_tears_of_joy::face_with_tears_of_joy::clown_face::clown_face::clown_face::clown_face::clown_face::pile_of_poo::pile_of_poo::pile_of_poo::pile_of_poo::pile_of_poo:,0
DIcRig7Mrwl,<Profile the_huskey_diva (3554876160)>,"We literally have the most really unlikable people that I could think of, in charge of our country.",0
DIcRig7Mrwl,<Profile narimanthefive (2108094493)>,I suppose it’s made in China. If it was  American- it would be solid as a rock,0
DIcRig7Mrwl,<Profile konsultantgj (2212430354)>,Dropping the ball and breaking things is what they are good at. At least they are consistent,0
DIcRig7Mrwl,<Profile patriciatzymeri12 (202451768)>,:woman_facepalming_light_skin_tone:,0
DIcRig7Mrwl,<Profile cnbx_19 (25075173430)>,Perfect representation of the state of our country too :face_with_tears_of_joy::face_with_tears_of_joy::face_with_tears_of_joy:,0
DIcRig7Mrwl,<Profile c_szat (54874527875)>,:skull:,0
DIcRig7Mrwl,<Profile msshields24 (52029999289)>,Besos fell and now this. It is definitely karma,0
DIcRig7Mrwl,<Profile damiannjennifer (9755280)>,What a disrespectful headline the trophy was in two pieces whoever put it together did it wrong,0
DIcRig7Mrwl,<Profile niyuan14 (270206571)>,:face_with_tears_of_joy::face_with_tears_of_joy:,0
DIcRig7Mrwl,<Profile etrain57 (429908793)>,"But hey, at least everyone up there was wearing a suit... Amirite??? :man_facepalming_light_skin_tone:",0
DIcRig7Mrwl,<Profile baigaiyp (3191182643)>,Tramp:face_with_tears_of_joy::face_with_tears_of_joy::face_with_tears_of_joy:,0
DIcRig7Mrwl,<Profile wintersummer816 (2323002284)>,SNL skit loading…:face_with_tears_of_joy:,0
DIcRig7Mrwl,<Profile hellodolliewood (232218562)>,:clown_face::clown_face::clown_face::clown_face:,0
DIcRig7Mrwl,<Profile magaly_mc_ (271774780)>,Dumb :face_with_tears_of_joy:,0
DIcRig7Mrwl,<Profile angelicapina2311 (45272876135)>,:face_with_rolling_eyes::face_with_rolling_eyes::face_with_rolling_eyes:,0
DIcRig7Mrwl,<Profile keith.1005 (36097774294)>,What fuckery!!!!! :face_with_tears_of_joy::rolling_on_the_floor_laughing::face_with_tears_of_joy::rolling_on_the_floor_laughing::face_with_tears_of_joy::grinning_face_with_sweat:,1
DIcRig7Mrwl,<Profile _cruzizme_ (183714253)>,JD DUNCE,0
DIcRig7Mrwl,<Profile werkfromhere (2251140016)>,good ball,0
DIcRig7Mrwl,<Profile leo_himself (9160781)>,Exactly how he is handling his vice-presidency!,0
DIcRig7Mrwl,<Profile mannym_83 (53103204626)>,Loser :face_with_tears_of_joy:,0
DIcRig7Mrwl,<Profile trybeccca (33779545)>,If getting stuffed in lockers was a vice president,0
DIcRig7Mrwl,<Profile michaell6600 (31097870474)>,That’s the story of his life…….,0
DIcRig7Mrwl,<Profile realestbird (183116566)>,DEI VANCE,0
DIcRig7Mrwl,<Profile dr_nick27 (1410775538)>,"The trophy was broken already. Look at the video, he's just lifting it slightly. Using words such as dropped is unfair.",0
DIcRig7Mrwl,<Profile hrs3rd (2162457419)>,:face_with_tears_of_joy::face_with_tears_of_joy::face_with_tears_of_joy:,0
DIcRig7Mrwl,<Profile a_a_ron_206 (5364909890)>,Oopsy. Don’t add him to your fantasy fb league,0
DIcRig7Mrwl,<Profile maurotunis69 (3205759648)>,The elephant in the porcelain shop..,0
DIcRig7Mrwl,<Profile mr_laluna (2093334044)>,What a looser :face_with_tears_of_joy:no wonder he's one committing capital treason,0
DIcRig7Mrwl,<Profile niewmlrak (24247256248)>,Trump Administration personified..,0
DIcRig7Mrwl,<Profile _ncaballero (17118703)>,can never do anything right smh,0
DIcRig7Mrwl,<Profile kristindesivany (299538879)>,:face_with_tears_of_joy:,0
DIcRig7Mrwl,<Profile dijbarbs (4806716797)>,This is legit how he gets through life,0
DIcRig7Mrwl,<Profile forozandehhemati (67132865450)>,Deport please :pleading_face: I'm from Iran,0
DIcRig7Mrwl,<Profile kaliaztlan (643387327)>,Loser :face_with_tears_of_joy::face_with_tears_of_joy::face_with_tears_of_joy:,0
DIcRig7Mrwl,<Profile lilbay_ashleyyyy0 (72876206878)>,:face_with_tears_of_joy::face_with_tears_of_joy::face_with_tears_of_joy::face_with_tears_of_joy:,0
DIcRig7Mrwl,<Profile case.evelyn (5519042147)>,This isn't news,0
DIcRig7Mrwl,<Profile robert.kozyra (44923568916)>,:face_with_tears_of_joy::face_with_tears_of_joy::face_with_tears_of_joy:,0
DIcRig7Mrwl,<Profile wisdom_mathetha (9674081841)>,It’s Chinese made,0
DIcRig7Mrwl,<Profile notadrelliott (6216917590)>,So symbolic of the current administration! :clown_face: :rolling_on_the_floor_laughing:,0
DIcRig7Mrwl,<Profile volodymyr.kovalskyi (66322404138)>,Цей селюк Венс гідно представив Трампа,0
DIcRig7Mrwl,<Profile woeboq12 (2064187274)>,Piala kaleng,0
DIcRig7Mrwl,<Profile scottytrox (348237601)>,:face_vomiting: jd Vance needs to leave the planet,0
DIcRig7Mrwl,<Profile martimrochassouza (55450725566)>,:face_with_tears_of_joy::face_with_tears_of_joy::face_with_tears_of_joy:,0
DIcRig7Mrwl,<Profile janjawiz (1454272674)>,:face_with_tears_of_joy:wierdo :face_with_tears_of_joy:,0
DIcRig7Mrwl,<Profile foxred.roman (28619409514)>,:face_with_tears_of_joy::face_with_tears_of_joy::face_with_tears_of_joy::face_with_tears_of_joy::face_with_tears_of_joy::face_with_tears_of_joy::face_with_tears_of_joy::face_with_tears_of_joy::face_with_tears_of_joy::face_with_tears_of_joy::face_with_tears_of_joy:,0
DIcRig7Mrwl,<Profile gracefulcharm626 (34493002)>,Fumbling the trophy just like they fumbling the US:face_with_tears_of_joy::face_with_tears_of_joy::face_with_tears_of_joy::face_with_tears_of_joy::face_with_tears_of_joy::face_with_tears_of_joy:,0
DIcRig7Mrwl,<Profile gloriitech (7738222005)>,I would like to know the winning team reaction :thinking_face:,0
DIcRig7Mrwl,<Profile susanmg43 (323967051)>,Just broke a chair to get to the comments,0
DIcRig7Mrwl,<Profile daviddylan172 (73320745320)>,This looks so funny :face_with_tears_of_joy:,0
DIcRig7Mrwl,<Profile loismerle (1167924511)>,What a spazz!!!!,0
DIcRig7Mrwl,<Profile thomasjame291 (73811649934)>,Administration doing the same,0
DIcRig7Mrwl,<Profile topclassactions (5926250402)>,The athletes were too stunned to speak! :skull:,0
DIcRig7Mrwl,<Profile brigueraarnisa (70188108959)>,:face_with_tears_of_joy::face_with_tears_of_joy::face_with_tears_of_joy:,0
DIcRig7Mrwl,<Profile mandolorian7774 (206886535)>,Vince :thumbs_down::thumbs_down::thumbs_down::thumbs_down::thumbs_down:,0
DIcRig7Mrwl,<Profile patrick_roberto_ismael_freby (247140248)>,:face_with_tears_of_joy:,0
DIcRig7Mrwl,<Profile may_weaver.1 (6382728955)>,Anyone can do this.. what’s the fuss about?,0
DIcRig7Mrwl,<Profile mebanis185 (70737783224)>,:face_with_tears_of_joy::face_with_tears_of_joy:,0
DIcRig7Mrwl,<Profile andrew_sullivan_photography (24313996273)>,Kinda ironic. Says alot about this administration running our country. :raising_hands:,0
DIcRig7Mrwl,<Profile civilwarusa (1694894372)>,Big Deal - It happens,0
DIcRig7Mrwl,<Profile hbcualum (5468559351)>,Just like how this Administration is fumbling this country...,0
DIcRig7Mrwl,<Profile keithsllen (54854634234)>,Morom:face_with_tears_of_joy::face_with_tears_of_joy:,0
DIcRig7Mrwl,<Profile auwalkuki6 (69395197411)>,:face_with_tears_of_joy::face_with_tears_of_joy:,0
DIcRig7Mrwl,<Profile drumsjohnny (1949569062)>,Putz,0
DIcRig7Mrwl,<Profile ymb1713 (29305410)>,:face_with_tears_of_joy::face_with_tears_of_joy::face_with_tears_of_joy::face_with_tears_of_joy::face_with_tears_of_joy::face_with_tears_of_joy:,0
DIcRig7Mrwl,<Profile jacgiron14 (735159497)>,:face_with_tears_of_joy::face_with_tears_of_joy::face_with_tears_of_joy::face_with_tears_of_joy::face_with_tears_of_joy::face_with_tears_of_joy::face_with_tears_of_joy::face_with_tears_of_joy::face_with_tears_of_joy::face_with_tears_of_joy:,0
DIcRig7Mrwl,<Profile dffincham (27607702232)>,He thought there was a cat burger inside.,0
DIcRig7Mrwl,<Profile gerard.van.beek (55136743181)>,Even that he can’t manage,0
DIcRig7Mrwl,<Profile oviedo1772 (8017528680)>,He should have grips the trophy like a couch,0
DIcRig7Mrwl,<Profile frankiehix (73218486199)>,"Correction, the base of the trophy. The guy behind him pulled the top part.",0
DIcRig7Mrwl,<Profile roselineanna77 (61242259579)>,:face_with_tears_of_joy::face_with_tears_of_joy::face_with_tears_of_joy:,0
DIcRig7Mrwl,<Profile river_okslg (1463882660)>,"@toddtolis I’m old enough to vote, therefore I’m old enough to hold an opinion. Arguably, a better opinion than yours.. Go drum ur little drums",0
DIcRig7Mrwl,<Profile ladycrinklecut (72370063962)>,"This could've happened to anyone, but I sure am glad it happened to him",0
DIcRig7Mrwl,<Profile ndeveraux (73689823206)>,Typical,0
DIcRig7Mrwl,<Profile erwinandriantoo (1448490263)>,Prank:face_with_tears_of_joy:,0
DIcRig7Mrwl,<Profile gdubbya1 (68733702872)>,God don't like ugly,0
DIcRig7Mrwl,<Profile bighrse (180735881)>,B. U. F. F. O. O. N. E. R. Y. :face_with_spiral_eyes:,0
DIcRig7Mrwl,<Profile alexxmorgan089 (73774535201)>,JD Vance :face_with_tears_of_joy:,0
DIcRig7Mrwl,<Profile hec.tor2020 (34906759740)>,:face_with_tears_of_joy::face_with_tears_of_joy::face_with_tears_of_joy:,5
DIcRig7Mrwl,<Profile abdullahzisan (8190247483)>,Peasant behavior....,2
DIcRig7Mrwl,<Profile tgc_5 (1148892760)>,first in line to the presidency :man_facepalming_dark_skin_tone:,4
DIcRig7Mrwl,<Profile illbill_25 (49804256887)>,:face_with_tears_of_joy::face_with_tears_of_joy::face_with_tears_of_joy:,2
DIcRig7Mrwl,<Profile red_005 (18547703)>,Be nice!!! All nervous like he’s on a date with his first couch :couch_and_lamp:,15
DIcRig7Mrwl,<Profile nygrowers (52179183490)>,"What a dork. Biden was doing this stuff too, but at least he had the excuse of being 102 years old. This guy is just a hopeless clown.",2
DIcRig7Mrwl,<Profile cannagirl420pdx (51685924986)>,What a tool....butterfingered :clown_face:,2
DIcRig7Mrwl,<Profile phantom_23 (774943260)>,DEI at it's best. The State of Ohio voted for this clown. :rolling_on_the_floor_laughing:,0
DIcRig7Mrwl,<Profile aaaiisnd (259126294)>,Just JD doing JD things,5
DIcRig7Mrwl,<Profile stephone.taylor (59679302986)>,:face_with_tears_of_joy::face_with_tears_of_joy::face_with_tears_of_joy::face_with_tears_of_joy::face_with_tears_of_joy::face_with_tears_of_joy:,0
DIcRig7Mrwl,<Profile abili_lima (33615944)>,:face_with_tears_of_joy::face_with_tears_of_joy::face_with_tears_of_joy::face_with_tears_of_joy::face_with_tears_of_joy::face_with_tears_of_joy::face_with_tears_of_joy::face_with_tears_of_joy::face_with_tears_of_joy:,0
DIcRig7Mrwl,<Profile thecodd_fish81 (53624169117)>,:face_with_tears_of_joy::face_with_tears_of_joy::face_with_tears_of_joy::face_with_tears_of_joy::face_with_tears_of_joy::face_with_tears_of_joy: best thing since him trying to buy doughnuts,5
DIcRig7Mrwl,<Profile seanbillceramics (215098518)>,What a kook,0
DIcRig7Mrwl,<Profile hamptonhangingpork (1629009871)>,He is a walking failure:man_facepalming:,1
DIcRig7Mrwl,<Profile bellemaelle25 (268527350)>,Biden was stronger ! Not strong enough.,0
DIcRig7Mrwl,<Profile withlovekyshia (9820535)>,Goofy,0
DIcRig7Mrwl,<Profile trentjofficial (30936058)>,Lmfaooooooooooo,5
DIcRig7Mrwl,<Profile theycallmepick (24173007)>,This is the only time the WH approves of DEI,1
DIcRig7Mrwl,<Profile warezbb.official (67921314359)>,This is how they will make America Great Again :face_with_tears_of_joy::confused_face::beaming_face_with_smiling_eyes:,0
DIcRig7Mrwl,<Profile lilhweezy (231585751)>,Of course this dork fumbles,4
DIcRig7Mrwl,<Profile caleb.ficarra (7972007541)>,the trophy literally broke dude :face_with_tears_of_joy:,4
DIcRig7Mrwl,<Profile jc_vs_world (2336600812)>,:face_with_tears_of_joy::face_with_tears_of_joy::face_with_tears_of_joy::face_with_tears_of_joy::face_with_tears_of_joy::face_with_tears_of_joy::face_with_tears_of_joy::face_with_tears_of_joy::face_with_tears_of_joy::face_with_tears_of_joy:,0
DIcRig7Mrwl,<Profile mamacass26 (11842446)>,Oh the irony,0
DIcRig7Mrwl,<Profile drocarmona (2366382719)>,karma,0
DIcRig7Mrwl,<Profile timmyp.123 (61885411778)>,Emblematic of this presidency,0
DIcRig7Mrwl,<Profile and_youre_surprised (71730177110)>,:face_with_tears_of_joy::raising_hands:,0
DIcRig7Mrwl,<Profile lauraleefulmer (203533664)>,Geeezus he’s useless :woozy_face::woman_facepalming_light_skin_tone:,0
DIcRig7Mrwl,<Profile jahfeeil (294379988)>,He :wastebasket:,0
DIcRig7Mrwl,<Profile muzic_makers (2029521660)>,Looks like they both “ flopped up”,0
DIcRig7Mrwl,<Profile winstonspappy (8587062347)>,Stooge :face_with_tears_of_joy: could you not beat up the trophy :trophy: they worked hard for unlike you,0
DIcRig7Mrwl,<Profile christianrbenedetti (224880070)>,God he’s the worst,0
DIcRig7Mrwl,<Profile thebookofcornelius (5745973106)>,:face_with_tears_of_joy::face_with_tears_of_joy::face_with_tears_of_joy:,0
DIcRig7Mrwl,<Profile mrenee248 (183042388)>,Oh no call the police :face_with_rolling_eyes: get over yourselves,0
DIcRig7Mrwl,<Profile slbis_me (1643402509)>,:woman_facepalming_medium-dark_skin_tone::woman_facepalming_medium-dark_skin_tone::woman_facepalming_medium-dark_skin_tone:,0
DIcRig7Mrwl,<Profile sjackdushawn (44554141686)>,:face_with_tears_of_joy::face_with_tears_of_joy::face_with_tears_of_joy::face_with_tears_of_joy::face_with_tears_of_joy: just goes to show never trust him with the ball :american_football:,2
DIcRig7Mrwl,<Profile ancientalienologist (1184869959)>,Guy should try arm day.,2
DIcRig7Mrwl,<Profile lolabmacnat (1277819479)>,:woman_facepalming_medium_skin_tone:,0
